{"accuracy": [0.4853658676147461, 0.6554006934165955, 0.7397212386131287, 0.8108013868331909, 0.8703832626342773, 0.8891986012458801, 0.9348431825637817, 0.9501742124557495, 0.9648083448410034, 0.9679442644119263], "loss": [1.333486557006836, 0.8171778321266174, 0.6232669353485107, 0.4955316185951233, 0.34867405891418457, 0.28248921036720276, 0.19601178169250488, 0.13819505274295807, 0.0992971733212471, 0.09825843572616577], "val_accuracy": [0.527841329574585, 0.6735316514968872, 0.719298243522644, 0.6864988803863525, 0.7780320644378662, 0.7902364730834961, 0.802440881729126, 0.8085430860519409, 0.8245614171028137, 0.8169336318969727], "val_loss": [1.1151660680770874, 0.8037084341049194, 0.6658430099487305, 0.774965763092041, 0.6024350523948669, 0.5831735730171204, 0.5782409906387329, 0.5800211429595947, 0.5590000152587891, 0.5876026153564453]}