{"accuracy": [0.48919859528541565, 0.6857143044471741, 0.7536585330963135, 0.8188153505325317, 0.8738675713539124, 0.9083623886108398, 0.9376306533813477, 0.9522647857666016, 0.9515679478645325, 0.9763066172599792], "loss": [1.2102280855178833, 0.7461206912994385, 0.5867856740951538, 0.4617213308811188, 0.348225474357605, 0.23866970837116241, 0.1701904982328415, 0.13785414397716522, 0.12383685261011124, 0.06856124103069305], "val_accuracy": [0.37309643626213074, 0.48730963468551636, 0.5710659623146057, 0.6598984599113464, 0.692893385887146, 0.7360405921936035, 0.7309644818305969, 0.720812201499939, 0.7563451528549194, 0.7131979465484619], "val_loss": [1.6736258268356323, 1.7831870317459106, 1.5039345026016235, 1.7358607053756714, 2.1590781211853027, 1.8421491384506226, 2.3802740573883057, 2.4641013145446777, 2.4845495223999023, 2.698517084121704]}